Workbook

Sheet IOC Tracker
A1: IOC Tracker
A2: LIVE MALICIOUS INDICATORS (defanged) pulled 2026-10-13 from abuse.ch ThreatFox, MalwareBazaar and Feodo Tracker. Click any Source cell to verify on the feed before blocking. Yellow cells are editable; Status (col N) updates from the Expiry / Review date. Blank rows at the bottom are for your own IOCs.
A4: ID | B4: Indicator (defanged) | C4: IOC Type | D4: Threat Actor / Malware Family | E4: MITRE ATT&CK Technique | F4: Confidence | G4: Severity | H4: First Seen | I4: Last Seen | J4: Source | K4: Action Taken | L4: Expiry / Review Date | M4: Notes | N4: Status
A5: IOC-001 | B5: hxxps://x5u[.]6r6r6[.]org/x0 | C5: URL | D5: Vidar | E5: T1071 - Application Layer Protocol | F5: High | G5: High | H5: 46308 | I5: 46308 | J5: ThreatFox #1963079 | K5: Investigating | L5: 46338 | M5: botnet_cc; reporter Bitsight | N5: =IF(L5="","",IF(L5<TODAY(),"Expired","Active")) -> Active
A6: IOC-002 | B6: hxxps://x5u[.]6r6r6[.]org/a | C6: URL | D6: Vidar | E6: T1071 - Application Layer Protocol | F6: High | G6: High | H6: 46308 | I6: 46308 | J6: ThreatFox #1963078 | K6: Investigating | L6: 46338 | M6: botnet_cc; reporter Bitsight | N6: =IF(L6="","",IF(L6<TODAY(),"Expired","Active")) -> Active
A7: IOC-003 | B7: hxxps://x5u[.]6r6r6[.]org | C7: URL | D7: Vidar | E7: T1071 - Application Layer Protocol | F7: High | G7: High | H7: 46308 | I7: 46308 | J7: ThreatFox #1963077 | K7: Investigating | L7: 46338 | M7: botnet_cc; reporter Bitsight | N7: =IF(L7="","",IF(L7<TODAY(),"Expired","Active")) -> Active
A8: IOC-004 | B8: hxxps://y1[.]6r6r6[.]org/io/ | C8: URL | D8: Vidar | E8: T1071 - Application Layer Protocol | F8: High | G8: High | H8: 46308 | I8: 46308 | J8: ThreatFox #1963076 | K8: Investigating | L8: 46338 | M8: botnet_cc; reporter crep1x; compromised legitimate site | N8: =IF(L8="","",IF(L8<TODAY(),"Expired","Active")) -> Active
A9: IOC-005 | B9: hxxps://y1[.]6r6r6[.]org/gp | C9: URL | D9: Vidar | E9: T1071 - Application Layer Protocol | F9: High | G9: High | H9: 46308 | I9: 46308 | J9: ThreatFox #1963075 | K9: Investigating | L9: 46338 | M9: botnet_cc; reporter Bitsight | N9: =IF(L9="","",IF(L9<TODAY(),"Expired","Active")) -> Active
A10: IOC-006 | B10: hxxps://y1[.]6r6r6[.]org/i7p | C10: URL | D10: Vidar | E10: T1071 - Application Layer Protocol | F10: High | G10: High | H10: 46308 | I10: 46308 | J10: ThreatFox #1963074 | K10: Investigating | L10: 46338 | M10: botnet_cc; reporter Bitsight | N10: =IF(L10="","",IF(L10<TODAY(),"Expired","Active")) -> Active
A11: IOC-007 | B11: hxxps://y1[.]6r6r6[.]org/fx/ | C11: URL | D11: Vidar | E11: T1071 - Application Layer Protocol | F11: High | G11: High | H11: 46308 | I11: 46308 | J11: ThreatFox #1963073 | K11: Investigating | L11: 46338 | M11: botnet_cc; reporter crep1x; compromised legitimate site | N11: =IF(L11="","",IF(L11<TODAY(),"Expired","Active")) -> Active
A12: IOC-008 | B12: hxxps://y1[.]6r6r6[.]org/fx | C12: URL | D12: Vidar | E12: T1071 - Application Layer Protocol | F12: High | G12: High | H12: 46308 | I12: 46308 | J12: ThreatFox #1963072 | K12: Investigating | L12: 46338 | M12: botnet_cc; reporter Bitsight | N12: =IF(L12="","",IF(L12<TODAY(),"Expired","Active")) -> Active
A13: IOC-009 | B13: hxxps://y1[.]6r6r6[.]org/ux | C13: URL | D13: Vidar | E13: T1071 - Application Layer Protocol | F13: High | G13: High | H13: 46308 | I13: 46308 | J13: ThreatFox #1963071 | K13: Investigating | L13: 46338 | M13: botnet_cc; reporter Bitsight | N13: =IF(L13="","",IF(L13<TODAY(),"Expired","Active")) -> Active
A14: IOC-010 | B14: hxxps://y1[.]6r6r6[.]org/xc | C14: URL | D14: Vidar | E14: T1071 - Application Layer Protocol | F14: High | G14: High | H14: 46308 | I14: 46308 | J14: ThreatFox #1963070 | K14: Investigating | L14: 46338 | M14: botnet_cc; reporter Bitsight | N14: =IF(L14="","",IF(L14<TODAY(),"Expired","Active")) -> Active
A15: IOC-011 | B15: hxxps://y1[.]6r6r6[.]org/xc/ | C15: URL | D15: Vidar | E15: T1071 - Application Layer Protocol | F15: High | G15: High | H15: 46308 | I15: 46308 | J15: ThreatFox #1963069 | K15: Investigating | L15: 46338 | M15: botnet_cc; reporter crep1x; compromised legitimate site | N15: =IF(L15="","",IF(L15<TODAY(),"Expired","Active")) -> Active
A16: IOC-012 | B16: hxxps://y1[.]6r6r6[.]org/jg | C16: URL | D16: Vidar | E16: T1071 - Application Layer Protocol | F16: High | G16: High | H16: 46308 | I16: 46308 | J16: ThreatFox #1963068 | K16: Investigating | L16: 46338 | M16: botnet_cc; reporter Bitsight | N16: =IF(L16="","",IF(L16<TODAY(),"Expired","Active")) -> Active
... A60: IOC-056 | B60: hxxps://d4[.]6r6r6[.]org/ew | C60: URL | D60: Vidar | E60: T1071 - Application Layer Protocol | F60: High | G60: High | H60: 46308 | I60: 46308 | J60: ThreatFox #1963023 | K60: Investigating | L60: 46338 | M60: botnet_cc; reporter Bitsight | N60: =IF(L60="","",IF(L60<TODAY(),"Expired","Active")) -> Active
A61: IOC-057 | B61: db9581bf719943bb4085b2225abedb14f9a2b4cf562fe9c404821aec5a3363c2 | C61: File hash (SHA256) | D61: Mirai (alias Katana) | F61: High | G61: Medium | H61: 46308 | I61: 46308 | J61: ThreatFox #1963022 | K61: Investigating | L61: 46673 | M61: payload; reporter whack_sh | N61: =IF(L61="","",IF(L61<TODAY(),"Expired","Active")) -> Active
A62: IOC-058 | B62: hxxps://d4[.]6r6r6[.]org/e1b | C62: URL | D62: Vidar | E62: T1071 - Application Layer Protocol | F62: High | G62: High | H62: 46308 | I62: 46308 | J62: ThreatFox #1963021 | K62: Investigating | L62: 46338 | M62: botnet_cc; reporter Bitsight | N62: =IF(L62="","",IF(L62<TODAY(),"Expired","Active")) -> Active
A63: IOC-059 | B63: hxxps://d4[.]6r6r6[.]org/nr | C63: URL | D63: Vidar | E63: T1071 - Application Layer Protocol | F63: High | G63: High | H63: 46308 | I63: 46308 | J63: ThreatFox #1963020 | K63: Investigating | L63: 46338 | M63: botnet_cc; reporter Bitsight | N63: =IF(L63="","",IF(L63<TODAY(),"Expired","Active")) -> Active
A64: IOC-060 | B64: hxxps://d4[.]6r6r6[.]org/nr/ | C64: URL | D64: Vidar | E64: T1071 - Application Layer Protocol | F64: High | G64: High | H64: 46308 | I64: 46308 | J64: ThreatFox #1963019 | K64: Investigating | L64: 46338 | M64: botnet_cc; reporter crep1x; compromised legitimate site | N64: =IF(L64="","",IF(L64<TODAY(),"Expired","Active")) -> Active
A65: IOC-061 | B65: 147[.]182[.]144[.]201:8443 | C65: IPv4/IPv6 address | D65: Aisuru | E65: T1071 - Application Layer Protocol | F65: High | G65: Medium | H65: 46308 | I65: 46308 | J65: ThreatFox #1962805 | K65: Investigating | L65: 46338 | M65: botnet_cc (C2 server, IP:port) | N65: =IF(L65="","",IF(L65<TODAY(),"Expired","Active")) -> Active
A66: IOC-062 | B66: 120[.]76[.]143[.]184:8443 | C66: IPv4/IPv6 address | D66: Cobalt Strike | E66: T1071 - Application Layer Protocol | F66: High | G66: High | H66: 46308 | I66: 46308 | J66: ThreatFox #1962785 | K66: Investigating | L66: 46338 | M66: botnet_cc (C2 server, IP:port) | N66: =IF(L66="","",IF(L66<TODAY(),"Expired","Active")) -> Active
A67: IOC-063 | B67: 47[.]122[.]111[.]172:8080 | C67: IPv4/IPv6 address | D67: Cobalt Strike | E67: T1071 - Application Layer Protocol | F67: High | G67: High | H67: 46308 | I67: 46308 | J67: ThreatFox #1962784 | K67: Investigating | L67: 46338 | M67: botnet_cc (C2 server, IP:port) | N67: =IF(L67="","",IF(L67<TODAY(),"Expired","Active")) -> Active
A68: IOC-064 | B68: 47[.]236[.]199[.]243:7858 | C68: IPv4/IPv6 address | D68: Unknown malware | E68: T1071 - Application Layer Protocol | F68: Medium | G68: Medium | H68: 46308 | I68: 46308 | J68: ThreatFox #1962747 | K68: Investigating | L68: 46338 | M68: botnet_cc (C2 server, IP:port) | N68: =IF(L68="","",IF(L68<TODAY(),"Expired","Active")) -> Active
A69: IOC-065 | B69: 195[.]186[.]4[.]217:1705 | C69: IPv4/IPv6 address | D69: Unknown RAT | E69: T1071 - Application Layer Protocol | F69: Medium | G69: High | H69: 46308 | I69: 46308 | J69: ThreatFox #1962745 | K69: Investigating | L69: 46338 | M69: botnet_cc (C2 server, IP:port) | N69: =IF(L69="","",IF(L69<TODAY(),"Expired","Active")) -> Active
A70: IOC-066 | B70: 196[.]251[.]107[.]144:8082 | C70: IPv4/IPv6 address | D70: Unknown Stealer | E70: T1071 - Application Layer Protocol | F70: High | G70: High | H70: 46308 | I70: 46308 | J70: ThreatFox #1962721 | K70: Investigating | L70: 46338 | M70: botnet_cc (C2 server, IP:port) | N70: =IF(L70="","",IF(L70<TODAY(),"Expired","Active")) -> Active
A71: IOC-067 | B71: 60[.]217[.]58[.]49:56544 | C71: IPv4/IPv6 address | D71: Ghost RAT | E71: T1071 - Application Layer Protocol | F71: Low | G71: High | H71: 46308 | I71: 46308 | J71: ThreatFox #1962067 | K71: Investigating | L71: 46338 | M71: botnet_cc (C2 server, IP:port) | N71: =IF(L71="","",IF(L71<TODAY(),"Expired","Active")) -> Active
A72: IOC-068 | B72: 103[.]170[.]217[.]170:3912 | C72: IPv4/IPv6 address | D72: Mirai | E72: T1071 - Application Layer Protocol | F72: High | G72: Medium | H72: 46308 | I72: 46308 | J72: ThreatFox #1962438 | K72: Investigating | L72: 46338 | M72: botnet_cc (C2 server, IP:port) | N72: =IF(L72="","",IF(L72<TODAY(),"Expired","Active")) -> Active
A73: IOC-069 | B73: 82[.]165[.]128[.]60:7474 | C73: IPv4/IPv6 address | D73: Cobalt Strike | E73: T1071 - Application Layer Protocol | F73: Low | G73: High | H73: 46308 | I73: 46308 | J73: ThreatFox #1962514 | K73: Investigating | L73: 46338 | M73: botnet_cc (C2 server, IP:port) | N73: =IF(L73="","",IF(L73<TODAY(),"Expired","Active")) -> Active
... A94: IOC-090 | B94: 139[.]59[.]140[.]128:8080 | C94: IPv4/IPv6 address | D94: Aisuru | E94: T1071 - Application Layer Protocol | F94: High | G94: Medium | H94: 46308 | I94: 46308 | J94: ThreatFox #1962503 | K94: Investigating | L94: 46338 | M94: botnet_cc (C2 server, IP:port) | N94: =IF(L94="","",IF(L94<TODAY(),"Expired","Active")) -> Active
A95: IOC-091 | B95: da31eed9460cfdbb985f629672ebcefe5fa17b3ed1ff7bbe304aad13a89c2724 | C95: File hash (SHA256) | D95: Unclassified | F95: High | G95: Medium | H95: 46308 | I95: 46308 | J95: MalwareBazaar | K95: Investigating | L95: 46673 | M95: elf sample 'riscv64'; reporter abuse_ch | N95: =IF(L95="","",IF(L95<TODAY(),"Expired","Active")) -> Active
A96: IOC-092 | B96: 306bb9e9bd325d3a398f577f6666f114c15f9a3a | C96: File hash (SHA1) | D96: Unclassified | F96: High | G96: Medium | H96: 46308 | I96: 46308 | J96: MalwareBazaar | K96: Investigating | L96: 46673 | M96: elf sample 'riscv64'; reporter abuse_ch | N96: =IF(L96="","",IF(L96<TODAY(),"Expired","Active")) -> Active
A97: IOC-093 | B97: 034319c22e6486037acf609ce38facab | C97: File hash (MD5) | D97: Unclassified | F97: High | G97: Medium | H97: 46308 | I97: 46308 | J97: MalwareBazaar | K97: Investigating | L97: 46673 | M97: elf sample 'riscv64'; reporter abuse_ch | N97: =IF(L97="","",IF(L97<TODAY(),"Expired","Active")) -> Active
A98: IOC-094 | B98: d0e870e5b1c3455fa111c1a2f23827d5c972542fad51fb8f50e52a0a298013a7 | C98: File hash (SHA256) | D98: Mirai | F98: High | G98: Medium | H98: 46308 | I98: 46308 | J98: MalwareBazaar | K98: Investigating | L98: 46673 | M98: elf sample 'dissmpsl'; reporter abuse_ch | N98: =IF(L98="","",IF(L98<TODAY(),"Expired","Active")) -> Active
A99: IOC-095 | B99: c4c0275d997df8b75c1be17fc890b61b408ee5fe | C99: File hash (SHA1) | D99: Mirai | F99: High | G99: Medium | H99: 46308 | I99: 46308 | J99: MalwareBazaar | K99: Investigating | L99: 46673 | M99: elf sample 'dissmpsl'; reporter abuse_ch | N99: =IF(L99="","",IF(L99<TODAY(),"Expired","Active")) -> Active
A100: IOC-096 | B100: e8f0f86a56fb3624418049eaa442f029 | C100: File hash (MD5) | D100: Mirai | F100: High | G100: Medium | H100: 46308 | I100: 46308 | J100: MalwareBazaar | K100: Investigating | L100: 46673 | M100: elf sample 'dissmpsl'; reporter abuse_ch | N100: =IF(L100="","",IF(L100<TODAY(),"Expired","Active")) -> Active
A101: IOC-097 | B101: 2baaf219716c21543de54c9e51802b4e9970ea8bf43bbb01537abe15f4dd7e7d | C101: File hash (SHA256) | D101: RemcosRAT | E101: T1204.002 - Malicious File | F101: High | G101: High | H101: 46308 | I101: 46308 | J101: MalwareBazaar | K101: Investigating | L101: 46673 | M101: js sample 'FRA-9055D02-01951630-09-20260001.js'; reporter abuse_ch | N101: =IF(L101="","",IF(L101<TODAY(),"Expired","Active")) -> Active
A102: IOC-098 | B102: 41194dcbccbd83b6bc8718de780da04b8e560de8 | C102: File hash (SHA1) | D102: RemcosRAT | E102: T1204.002 - Malicious File | F102: High | G102: High | H102: 46308 | I102: 46308 | J102: MalwareBazaar | K102: Investigating | L102: 46673 | M102: js sample 'FRA-9055D02-01951630-09-20260001.js'; reporter abuse_ch | N102: =IF(L102="","",IF(L102<TODAY(),"Expired","Active")) -> Active
A103: IOC-099 | B103: dea0b31d6465e75168f9e57bc006fc3f | C103: File hash (MD5) | D103: RemcosRAT | E103: T1204.002 - Malicious File | F103: High | G103: High | H103: 46308 | I103: 46308 | J103: MalwareBazaar | K103: Investigating | L103: 46673 | M103: js sample 'FRA-9055D02-01951630-09-20260001.js'; reporter abuse_ch | N103: =IF(L103="","",IF(L103<TODAY(),"Expired","Active")) -> Active
A104: IOC-100 | B104: FRA-9055D02-01951630-09-20260001.js | C104: File name / path | D104: RemcosRAT | E104: T1204.002 - Malicious File | F104: Medium | G104: High | H104: 46308 | I104: 46308 | J104: MalwareBazaar | K104: Monitored | L104: 46398 | M104: Lure file name; SHA256 2baaf219716c... - names change easily, use for hunting not blocking | N104: =IF(L104="","",IF(L104<TODAY(),"Expired","Active")) -> Active
A105: IOC-101 | B105: 205b7f879f9978e39de1b67290e393133b250ad1ba0d7429819fc092b154236b | C105: File hash (SHA256) | D105: Mirai | F105: High | G105: Medium | H105: 46308 | I105: 46308 | J105: MalwareBazaar | K105: Investigating | L105: 46673 | M105: elf sample 'adissarm5'; reporter abuse_ch | N105: =IF(L105="","",IF(L105<TODAY(),"Expired","Active")) -> Active
A106: IOC-102 | B106: e2e6f7468c52c8c5b2870519298312ad3ad48eed | C106: File hash (SHA1) | D106: Mirai | F106: High | G106: Medium | H106: 46308 | I106: 46308 | J106: MalwareBazaar | K106: Investigating | L106: 46673 | M106: elf sample 'adissarm5'; reporter abuse_ch | N106: =IF(L106="","",IF(L106<TODAY(),"Expired","Active")) -> Active
A107: IOC-103 | B107: ce4fb5c860d30e8d7d5eafffcee1d608 | C107: File hash (MD5) | D107: Mirai | F107: High | G107: Medium | H107: 46308 | I107: 46308 | J107: MalwareBazaar | K107: Investigating | L107: 46673 | M107: elf sample 'adissarm5'; reporter abuse_ch | N107: =IF(L107="","",IF(L107<TODAY(),"Expired","Active")) -> Active
A108: IOC-104 | B108: 9bef01ecd6613f0fe81424a3fac7734386ebbdb6d69525f4f1b89e553cb4c7af | C108: File hash (SHA256) | D108: Unclassified | E108: T1204.002 - Malicious File | F108: High | G108: Medium | H108: 46308 | I108: 46308 | J108: MalwareBazaar | K108: Investigating | L108: 46673 | M108: exe sample '9bef01ec...c7af.exe'; reporter Kejult | N108: =IF(L108="","",IF(L108<TODAY(),"Expired","Active")) -> Active
A109: IOC-105 | B109: d4383b4e10dc53e91abf79a0b0e0a1cf957582c1 | C109: File hash (SHA1) | D109: Unclassified | E109: T1204.002 - Malicious File | F109: High | G109: Medium | H109: 46308 | I109: 46308 | J109: MalwareBazaar | K109: Investigating | L109: 46673 | M109: exe sample '9bef01ec...c7af.exe'; reporter Kejult | N109: =IF(L109="","",IF(L109<TODAY(),"Expired","Active")) -> Active
A110: IOC-106 | B110: 43d208e58212ce98fa8ef6fefdb0717d | C110: File hash (MD5) | D110: Unclassified | E110: T1204.002 - Malicious File | F110: High | G110: Medium | H110: 46308 | I110: 46308 | J110: MalwareBazaar | K110: Investigating | L110: 46673 | M110: exe sample '9bef01ec...c7af.exe'; reporter Kejult | N110: =IF(L110="","",IF(L110<TODAY(),"Expired","Active")) -> Active
A111: IOC-107 | B111: 6dcd446f89687ecbea2697ca58cb6b3dce7c9a23c65dc119f5e478ff9e01ae83 | C111: File hash (SHA256) | D111: Mirai | F111: High | G111: Medium | H111: 46308 | I111: 46308 | J111: MalwareBazaar | K111: Investigating | L111: 46673 | M111: elf sample 'disssh4'; reporter abuse_ch | N111: =IF(L111="","",IF(L111<TODAY(),"Expired","Active")) -> Active
A112: IOC-108 | B112: d0869d395222df2ec3de51be5540fd0727d2f753 | C112: File hash (SHA1) | D112: Mirai | F112: High | G112: Medium | H112: 46308 | I112: 46308 | J112: MalwareBazaar | K112: Investigating | L112: 46673 | M112: elf sample 'disssh4'; reporter abuse_ch | N112: =IF(L112="","",IF(L112<TODAY(),"Expired","Active")) -> Active
A113: IOC-109 | B113: a4a9fac0b7f0b14616d9c9f0107cc833 | C113: File hash (MD5) | D113: Mirai | F113: High | G113: Medium | H113: 46308 | I113: 46308 | J113: MalwareBazaar | K113: Investigating | L113: 46673 | M113: elf sample 'disssh4'; reporter abuse_ch | N113: =IF(L113="","",IF(L113<TODAY(),"Expired","Active")) -> Active
A114: IOC-110 | B114: c389675ff89cc359799d40d56c1b70e32411adfd5594f2965e16a1074a217cfa | C114: File hash (SHA256) | D114: Mirai | F114: High | G114: Medium | H114: 46308 | I114: 46308 | J114: MalwareBazaar | K114: Investigating | L114: 46673 | M114: elf sample 'riscv32'; reporter abuse_ch | N114: =IF(L114="","",IF(L114<TODAY(),"Expired","Active")) -> Active
A115: IOC-111 | B115: ca96f624dcf5b7fb6bef56232dfd8c4e78de7009 | C115: File hash (SHA1) | D115: Mirai | F115: High | G115: Medium | H115: 46308 | I115: 46308 | J115: MalwareBazaar | K115: Investigating | L115: 46673 | M115: elf sample 'riscv32'; reporter abuse_ch | N115: =IF(L115="","",IF(L115<TODAY(),"Expired","Active")) -> Active
A116: IOC-112 | B116: 68ef32ccaa444d14e5ebc2ca30c212b4 | C116: File hash (MD5) | D116: Mirai | F116: High | G116: Medium | H116: 46308 | I116: 46308 | J116: MalwareBazaar | K116: Investigating | L116: 46673 | M116: elf sample 'riscv32'; reporter abuse_ch | N116: =IF(L116="","",IF(L116<TODAY(),"Expired","Active")) -> Active
A117: IOC-113 | B117: 5614e4ebf22b5e0fe9708d7db7b97088d3f85a97f122ef5b973e234dbff2910e | C117: File hash (SHA256) | D117: PhantomStealer | E117: T1204.002 - Malicious File | F117: High | G117: High | H117: 46308 | I117: 46308 | J117: MalwareBazaar | K117: Investigating | L117: 46673 | M117: rar sample 'IMG-20261012-WA000057-20261011_12060081.rar'; reporter smica83 | N117: =IF(L117="","",IF(L117<TODAY(),"Expired","Active")) -> Active
A118: IOC-114 | B118: 5727fbd2b0a2576bc3e845a8df4966b5c1ef8ba2 | C118: File hash (SHA1) | D118: PhantomStealer | E118: T1204.002 - Malicious File | F118: High | G118: High | H118: 46308 | I118: 46308 | J118: MalwareBazaar | K118: Investigating | L118: 46673 | M118: rar sample 'IMG-20261012-WA000057-20261011_12060081.rar'; reporter smica83 | N118: =IF(L118="","",IF(L118<TODAY(),"Expired","Active")) -> Active
A119: IOC-115 | B119: 38d1faadea567082c10d6fd1e786a03a | C119: File hash (MD5) | D119: PhantomStealer | E119: T1204.002 - Malicious File | F119: High | G119: High | H119: 46308 | I119: 46308 | J119: MalwareBazaar | K119: Investigating | L119: 46673 | M119: rar sample 'IMG-20261012-WA000057-20261011_12060081.rar'; reporter smica83 | N119: =IF(L119="","",IF(L119<TODAY(),"Expired","Active")) -> Active
A120: IOC-116 | B120: IMG-20261012-WA000057-20261011_12060081.rar | C120: File name / path | D120: PhantomStealer | E120: T1204.002 - Malicious File | F120: Medium | G120: High | H120: 46308 | I120: 46308 | J120: MalwareBazaar | K120: Monitored | L120: 46398 | M120: Lure file name; SHA256 5614e4ebf22b... - names change easily, use for hunting not blocking | N120: =IF(L120="","",IF(L120<TODAY(),"Expired","Active")) -> Active
A121: IOC-117 | B121: 84025cfdc41458df372f199ce64cced15e9925a5b70cfeef77e64bd2df8df07d | C121: File hash (SHA256) | D121: AsyncRAT | E121: T1204.002 - Malicious File | F121: High | G121: High | H121: 46308 | I121: 46308 | J121: MalwareBazaar | K121: Investigating | L121: 46673 | M121: exe sample '84025cfd...f07d.exe'; reporter whack_sh | N121: =IF(L121="","",IF(L121<TODAY(),"Expired","Active")) -> Active
A122: IOC-118 | B122: 20899eed577b55dce29fbbd95fe73ee5d361e448 | C122: File hash (SHA1) | D122: AsyncRAT | E122: T1204.002 - Malicious File | F122: High | G122: High | H122: 46308 | I122: 46308 | J122: MalwareBazaar | K122: Investigating | L122: 46673 | M122: exe sample '84025cfd...f07d.exe'; reporter whack_sh | N122: =IF(L122="","",IF(L122<TODAY(),"Expired","Active")) -> Active
A123: IOC-119 | B123: 0bc5588615e54ef6657940e7396b18be | C123: File hash (MD5) | D123: AsyncRAT | E123: T1204.002 - Malicious File | F123: High | G123: High | H123: 46308 | I123: 46308 | J123: MalwareBazaar | K123: Investigating | L123: 46673 | M123: exe sample '84025cfd...f07d.exe'; reporter whack_sh | N123: =IF(L123="","",IF(L123<TODAY(),"Expired","Active")) -> Active
A124: IOC-120 | B124: d4f80a6f0960b661d314ba41fa3aae2187b4532ecf5c04e31f3700a51639ac7d | C124: File hash (SHA256) | D124: Mirai | F124: High | G124: Medium | H124: 46308 | I124: 46308 | J124: MalwareBazaar | K124: Investigating | L124: 46673 | M124: elf sample 's390x'; reporter abuse_ch | N124: =IF(L124="","",IF(L124<TODAY(),"Expired","Active")) -> Active
A125: IOC-121 | B125: 82c1ed8114287d350e07ae2e8b04353852b73b0c | C125: File hash (SHA1) | D125: Mirai | F125: High | G125: Medium | H125: 46308 | I125: 46308 | J125: MalwareBazaar | K125: Investigating | L125: 46673 | M125: elf sample 's390x'; reporter abuse_ch | N125: =IF(L125="","",IF(L125<TODAY(),"Expired","Active")) -> Active
A126: IOC-122 | B126: cd169896a328598350e97dd49aaccf50 | C126: File hash (MD5) | D126: Mirai | F126: High | G126: Medium | H126: 46308 | I126: 46308 | J126: MalwareBazaar | K126: Investigating | L126: 46673 | M126: elf sample 's390x'; reporter abuse_ch | N126: =IF(L126="","",IF(L126<TODAY(),"Expired","Active")) -> Active
A127: IOC-123 | B127: 9faf6343befc05411af0870e1382f4fa479b20d7b5df0996733fb8f451739155 | C127: File hash (SHA256) | D127: Mirai | F127: High | G127: Medium | H127: 46308 | I127: 46308 | J127: MalwareBazaar | K127: Investigating | L127: 46673 | M127: elf sample 'dissmips'; reporter abuse_ch | N127: =IF(L127="","",IF(L127<TODAY(),"Expired","Active")) -> Active
A128: IOC-124 | B128: ebfa4072edf109fcd927e80bfdabcc676328376e | C128: File hash (SHA1) | D128: Mirai | F128: High | G128: Medium | H128: 46308 | I128: 46308 | J128: MalwareBazaar | K128: Investigating | L128: 46673 | M128: elf sample 'dissmips'; reporter abuse_ch | N128: =IF(L128="","",IF(L128<TODAY(),"Expired","Active")) -> Active
A129: IOC-125 | B129: b8fe5eb52ddc46a5f35bbe2254e3f0cd | C129: File hash (MD5) | D129: Mirai | F129: High | G129: Medium | H129: 46308 | I129: 46308 | J129: MalwareBazaar | K129: Investigating | L129: 46673 | M129: elf sample 'dissmips'; reporter abuse_ch | N129: =IF(L129="","",IF(L129<TODAY(),"Expired","Active")) -> Active
A130: IOC-126 | B130: 6be0d87cb44236b11c566bb7914d27c0ef550487d8e42926a8f7331eb76f5f5a | C130: File hash (SHA256) | D130: AsyncRAT | E130: T1204.002 - Malicious File | F130: High | G130: High | H130: 46308 | I130: 46308 | J130: MalwareBazaar | K130: Investigating | L130: 46673 | M130: exe sample '0009 0599 研華 4167635 - 【FLEX-4167635】研華出貨 AESC by Oct. 16 - ETC 1014 -0009 0599.exe'; reporter threatcat_ch | N130: =IF(L130="","",IF(L130<TODAY(),"Expired","Active")) -> Active
A131: IOC-127 | B131: b249a5794126d0f00e0a3e48e7df147fe6f2c64b | C131: File hash (SHA1) | D131: AsyncRAT | E131: T1204.002 - Malicious File | F131: High | G131: High | H131: 46308 | I131: 46308 | J131: MalwareBazaar | K131: Investigating | L131: 46673 | M131: exe sample '0009 0599 研華 4167635 - 【FLEX-4167635】研華出貨 AESC by Oct. 16 - ETC 1014 -0009 0599.exe'; reporter threatcat_ch | N131: =IF(L131="","",IF(L131<TODAY(),"Expired","Active")) -> Active
A132: IOC-128 | B132: 75c3c2a4b1f467eb9e4cd82a1912867d | C132: File hash (MD5) | D132: AsyncRAT | E132: T1204.002 - Malicious File | F132: High | G132: High | H132: 46308 | I132: 46308 | J132: MalwareBazaar | K132: Investigating | L132: 46673 | M132: exe sample '0009 0599 研華 4167635 - 【FLEX-4167635】研華出貨 AESC by Oct. 16 - ETC 1014 -0009 0599.exe'; reporter threatcat_ch | N132: =IF(L132="","",IF(L132<TODAY(),"Expired","Active")) -> Active
A133: IOC-129 | B133: 0009 0599 研華 4167635 - 【FLEX-4167635】研華出貨 AESC by Oct. 16 - ETC 1014 -0009 0599.exe | C133: File name / path | D133: AsyncRAT | E133: T1204.002 - Malicious File | F133: Medium | G133: High | H133: 46308 | I133: 46308 | J133: MalwareBazaar | K133: Monitored | L133: 46398 | M133: Lure file name; SHA256 6be0d87cb442... - names change easily, use for hunting not blocking | N133: =IF(L133="","",IF(L133<TODAY(),"Expired","Active")) -> Active
A134: IOC-130 | B134: 221b235cce5fce944446ca079eb99c3b90767ed773db3624e1860278ef54b5df | C134: File hash (SHA256) | D134: Unclassified | F134: High | G134: Medium | H134: 46308 | I134: 46308 | J134: MalwareBazaar | K134: Investigating | L134: 46673 | M134: elf sample 'bot_linux_x86_64'; reporter abuse_ch | N134: =IF(L134="","",IF(L134<TODAY(),"Expired","Active")) -> Active
A135: IOC-131 | B135: bc8c02b8d62c463549d75428090516a10adf0f7c | C135: File hash (SHA1) | D135: Unclassified | F135: High | G135: Medium | H135: 46308 | I135: 46308 | J135: MalwareBazaar | K135: Investigating | L135: 46673 | M135: elf sample 'bot_linux_x86_64'; reporter abuse_ch | N135: =IF(L135="","",IF(L135<TODAY(),"Expired","Active")) -> Active
A136: IOC-132 | B136: 0acca2c1c80fec92dc754dfb3a6474d8 | C136: File hash (MD5) | D136: Unclassified | F136: High | G136: Medium | H136: 46308 | I136: 46308 | J136: MalwareBazaar | K136: Investigating | L136: 46673 | M136: elf sample 'bot_linux_x86_64'; reporter abuse_ch | N136: =IF(L136="","",IF(L136<TODAY(),"Expired","Active")) -> Active
A137: IOC-133 | B137: 1de78de4302985fba4afe43e16f1d0c18fb6753f541647f3810b90084136cbe7 | C137: File hash (SHA256) | D137: Unclassified | F137: High | G137: Medium | H137: 46308 | I137: 46308 | J137: MalwareBazaar | K137: Investigating | L137: 46673 | M137: elf sample 'bot_linux_x86_64'; reporter abuse_ch | N137: =IF(L137="","",IF(L137<TODAY(),"Expired","Active")) -> Active
A138: IOC-134 | B138: 7914b3f91dc2f848d471e8718c6ae58c2e2f27c7 | C138: File hash (SHA1) | D138: Unclassified | F138: High | G138: Medium | H138: 46308 | I138: 46308 | J138: MalwareBazaar | K138: Investigating | L138: 46673 | M138: elf sample 'bot_linux_x86_64'; reporter abuse_ch | N138: =IF(L138="","",IF(L138<TODAY(),"Expired","Active")) -> Active
A139: IOC-135 | B139: 032bc535cdc9ff3af66c1e66a703f746 | C139: File hash (MD5) | D139: Unclassified | F139: High | G139: Medium | H139: 46308 | I139: 46308 | J139: MalwareBazaar | K139: Investigating | L139: 46673 | M139: elf sample 'bot_linux_x86_64'; reporter abuse_ch | N139: =IF(L139="","",IF(L139<TODAY(),"Expired","Active")) -> Active
A140: IOC-136 | B140: 27a351d0e801edbef24d976330064635903c3da58f7506b7741830f0dd46aeed | C140: File hash (SHA256) | D140: Unclassified | F140: High | G140: Medium | H140: 46308 | I140: 46308 | J140: MalwareBazaar | K140: Investigating | L140: 46673 | M140: elf sample 'na'; reporter abuse_ch | N140: =IF(L140="","",IF(L140<TODAY(),"Expired","Active")) -> Active
A141: IOC-137 | B141: 5497795a75fd6834097795168f7b414c752e940f | C141: File hash (SHA1) | D141: Unclassified | F141: High | G141: Medium | H141: 46308 | I141: 46308 | J141: MalwareBazaar | K141: Investigating | L141: 46673 | M141: elf sample 'na'; reporter abuse_ch | N141: =IF(L141="","",IF(L141<TODAY(),"Expired","Active")) -> Active
A142: IOC-138 | B142: dee387a9e34adfcea8b2afa5de5c4f71 | C142: File hash (MD5) | D142: Unclassified | F142: High | G142: Medium | H142: 46308 | I142: 46308 | J142: MalwareBazaar | K142: Investigating | L142: 46673 | M142: elf sample 'na'; reporter abuse_ch | N142: =IF(L142="","",IF(L142<TODAY(),"Expired","Active")) -> Active
A143: IOC-139 | B143: 34062e36d964c778b9aa61ecebd0f2e75961b2d771d30cd5b6ffa7d272c372fd | C143: File hash (SHA256) | D143: RemcosRAT | E143: T1204.002 - Malicious File | F143: High | G143: High | H143: 46308 | I143: 46308 | J143: MalwareBazaar | K143: Investigating | L143: 46673 | M143: msi sample 'ADNOC-ITEMS-LIST-FOR-VESSEL-REQUIREMENTS-NFHJ.msi'; reporter abuse_ch | N143: =IF(L143="","",IF(L143<TODAY(),"Expired","Active")) -> Active
A144: IOC-140 | B144: 93030c0c4996d19601b850e621abe48a3ef49180 | C144: File hash (SHA1) | D144: RemcosRAT | E144: T1204.002 - Malicious File | F144: High | G144: High | H144: 46308 | I144: 46308 | J144: MalwareBazaar | K144: Investigating | L144: 46673 | M144: msi sample 'ADNOC-ITEMS-LIST-FOR-VESSEL-REQUIREMENTS-NFHJ.msi'; reporter abuse_ch | N144: =IF(L144="","",IF(L144<TODAY(),"Expired","Active")) -> Active
A145: IOC-141 | B145: 85e20c76381141fc826f31caf0c6803c | C145: File hash (MD5) | D145: RemcosRAT | E145: T1204.002 - Malicious File | F145: High | G145: High | H145: 46308 | I145: 46308 | J145: MalwareBazaar | K145: Investigating | L145: 46673 | M145: msi sample 'ADNOC-ITEMS-LIST-FOR-VESSEL-REQUIREMENTS-NFHJ.msi'; reporter abuse_ch | N145: =IF(L145="","",IF(L145<TODAY(),"Expired","Active")) -> Active
A146: IOC-142 | B146: ADNOC-ITEMS-LIST-FOR-VESSEL-REQUIREMENTS-NFHJ.msi | C146: File name / path | D146: RemcosRAT | E146: T1204.002 - Malicious File | F146: Medium | G146: High | H146: 46308 | I146: 46308 | J146: MalwareBazaar | K146: Monitored | L146: 46398 | M146: Lure file name; SHA256 34062e36d964... - names change easily, use for hunting not blocking | N146: =IF(L146="","",IF(L146<TODAY(),"Expired","Active")) -> Active
A147: IOC-143 | B147: de63dfaf868f4a2a6ff51690af39c7743c225480ea1fff4b2d7a7c466e5761f7 | C147: File hash (SHA256) | D147: Unclassified | E147: T1204.002 - Malicious File | F147: High | G147: Medium | H147: 46308 | I147: 46308 | J147: MalwareBazaar | K147: Investigating | L147: 46673 | M147: zip sample 'Loader v2.6.zip'; reporter Ends0uls | N147: =IF(L147="","",IF(L147<TODAY(),"Expired","Active")) -> Active
A148: IOC-144 | B148: ea4acfb9efea4f064867f62493591423580d901c | C148: File hash (SHA1) | D148: Unclassified | E148: T1204.002 - Malicious File | F148: High | G148: Medium | H148: 46308 | I148: 46308 | J148: MalwareBazaar | K148: Investigating | L148: 46673 | M148: zip sample 'Loader v2.6.zip'; reporter Ends0uls | N148: =IF(L148="","",IF(L148<TODAY(),"Expired","Active")) -> Active
A149: IOC-145 | B149: 7826f0c73202ea10bc6aa8ed48766350 | C149: File hash (MD5) | D149: Unclassified | E149: T1204.002 - Malicious File | F149: High | G149: Medium | H149: 46308 | I149: 46308 | J149: MalwareBazaar | K149: Investigating | L149: 46673 | M149: zip sample 'Loader v2.6.zip'; reporter Ends0uls | N149: =IF(L149="","",IF(L149<TODAY(),"Expired","Active")) -> Active
A150: IOC-146 | B150: Loader v2.6.zip | C150: File name / path | D150: Unclassified | E150: T1204.002 - Malicious File | F150: Medium | G150: Medium | H150: 46308 | I150: 46308 | J150: MalwareBazaar | K150: Monitored | L150: 46398 | M150: Lure file name; SHA256 de63dfaf868f... - names change easily, use for hunting not blocking | N150: =IF(L150="","",IF(L150<TODAY(),"Expired","Active")) -> Active
A151: IOC-147 | B151: 2ea394c33913bdb06cac96467213c5b860ca80e70df3b846f3602b0f74884b46 | C151: File hash (SHA256) | D151: Vidar | E151: T1204.002 - Malicious File | F151: High | G151: High | H151: 46308 | I151: 46308 | J151: MalwareBazaar | K151: Investigating | L151: 46673 | M151: exe sample '2ea394c3...4b46.bin'; reporter anonymous | N151: =IF(L151="","",IF(L151<TODAY(),"Expired","Active")) -> Active
A152: IOC-148 | B152: 8d996adddf37bb7affe6550d74e477d8cce97650 | C152: File hash (SHA1) | D152: Vidar | E152: T1204.002 - Malicious File | F152: High | G152: High | H152: 46308 | I152: 46308 | J152: MalwareBazaar | K152: Investigating | L152: 46673 | M152: exe sample '2ea394c3...4b46.bin'; reporter anonymous | N152: =IF(L152="","",IF(L152<TODAY(),"Expired","Active")) -> Active
A153: IOC-149 | B153: 56e1295102477f805aee0fc3e686b912 | C153: File hash (MD5) | D153: Vidar | E153: T1204.002 - Malicious File | F153: High | G153: High | H153: 46308 | I153: 46308 | J153: MalwareBazaar | K153: Investigating | L153: 46673 | M153: exe sample '2ea394c3...4b46.bin'; reporter anonymous | N153: =IF(L153="","",IF(L153<TODAY(),"Expired","Active")) -> Active
A154: IOC-150 | B154: bf22455e356999abb9e1a6ba962d4f76c9c6f0deaafd0d4187fd5b0b031f7fe2 | C154: File hash (SHA256) | D154: Unclassified | E154: T1204.002 - Malicious File | F154: High | G154: Medium | H154: 46308 | I154: 46308 | J154: MalwareBazaar | K154: Investigating | L154: 46673 | M154: zip sample '4hwBrr8zBxkw.exe_pw_infected.zip'; reporter Ends0uls | N154: =IF(L154="","",IF(L154<TODAY(),"Expired","Active")) -> Active
... A157: IOC-153 | B157: 4hwBrr8zBxkw.exe_pw_infected.zip | C157: File name / path | D157: Unclassified | E157: T1204.002 - Malicious File | F157: Medium | G157: Medium | H157: 46308 | I157: 46308 | J157: MalwareBazaar | K157: Monitored | L157: 46398 | M157: Lure file name; SHA256 bf22455e3569... - names change easily, use for hunting not blocking | N157: =IF(L157="","",IF(L157<TODAY(),"Expired","Active")) -> Active
A158: IOC-154 | B158: 16602885d0f879e4477ad54079a8b04f5c163c539ca9c4c26cc33df98925472b | C158: File hash (SHA256) | D158: Mirai | F158: High | G158: Medium | H158: 46308 | I158: 46308 | J158: MalwareBazaar | K158: Investigating | L158: 46673 | M158: elf sample 'adissarm5'; reporter abuse_ch | N158: =IF(L158="","",IF(L158<TODAY(),"Expired","Active")) -> Active
A159: IOC-155 | B159: dc02aae48baa805527b286fa7934c7b216079382 | C159: File hash (SHA1) | D159: Mirai | F159: High | G159: Medium | H159: 46308 | I159: 46308 | J159: MalwareBazaar | K159: Investigating | L159: 46673 | M159: elf sample 'adissarm5'; reporter abuse_ch | N159: =IF(L159="","",IF(L159<TODAY(),"Expired","Active")) -> Active
A160: IOC-156 | B160: 3470b3325425585c27c2d34dc45379bf | C160: File hash (MD5) | D160: Mirai | F160: High | G160: Medium | H160: 46308 | I160: 46308 | J160: MalwareBazaar | K160: Investigating | L160: 46673 | M160: elf sample 'adissarm5'; reporter abuse_ch | N160: =IF(L160="","",IF(L160<TODAY(),"Expired","Active")) -> Active
A161: IOC-157 | B161: 8d87e9e7076ec05efe85a83510bfbc87bc680216f4c4a6f9f871990eaa7906b7 | C161: File hash (SHA256) | D161: Mirai | F161: High | G161: Medium | H161: 46308 | I161: 46308 | J161: MalwareBazaar | K161: Investigating | L161: 46673 | M161: elf sample 'disspoor'; reporter abuse_ch | N161: =IF(L161="","",IF(L161<TODAY(),"Expired","Active")) -> Active
A162: IOC-158 | B162: 7bb525ea91f7c47cf1c36c950813158cd6b8c62f | C162: File hash (SHA1) | D162: Mirai | F162: High | G162: Medium | H162: 46308 | I162: 46308 | J162: MalwareBazaar | K162: Investigating | L162: 46673 | M162: elf sample 'disspoor'; reporter abuse_ch | N162: =IF(L162="","",IF(L162<TODAY(),"Expired","Active")) -> Active
A163: IOC-159 | B163: b87e3965dda4529b0138d092688393e2 | C163: File hash (MD5) | D163: Mirai | F163: High | G163: Medium | H163: 46308 | I163: 46308 | J163: MalwareBazaar | K163: Investigating | L163: 46673 | M163: elf sample 'disspoor'; reporter abuse_ch | N163: =IF(L163="","",IF(L163<TODAY(),"Expired","Active")) -> Active
A164: IOC-160 | B164: 4f3c9112b612349ca18cd3bd4ab6905afff34e4d806f9d38ac4c5e41194712aa | C164: File hash (SHA256) | D164: Mirai | F164: High | G164: Medium | H164: 46308 | I164: 46308 | J164: MalwareBazaar | K164: Investigating | L164: 46673 | M164: elf sample 'dissarm6'; reporter abuse_ch | N164: =IF(L164="","",IF(L164<TODAY(),"Expired","Active")) -> Active
A165: IOC-161 | B165: 25ff152c3db2e9b749a19dd1959e73e55e6f6e04 | C165: File hash (SHA1) | D165: Mirai | F165: High | G165: Medium | H165: 46308 | I165: 46308 | J165: MalwareBazaar | K165: Investigating | L165: 46673 | M165: elf sample 'dissarm6'; reporter abuse_ch | N165: =IF(L165="","",IF(L165<TODAY(),"Expired","Active")) -> Active
A166: IOC-162 | B166: d90efbceef2a6ce3b52bb02d4bbd62d0 | C166: File hash (MD5) | D166: Mirai | F166: High | G166: Medium | H166: 46308 | I166: 46308 | J166: MalwareBazaar | K166: Investigating | L166: 46673 | M166: elf sample 'dissarm6'; reporter abuse_ch | N166: =IF(L166="","",IF(L166<TODAY(),"Expired","Active")) -> Active
...

Sheet Summary
A1: IOC Summary
A3: Total IOCs | B3: =COUNTA('IOC Tracker'!B5:B280) -> 176
A4: Active | B4: =COUNTIF('IOC Tracker'!N5:N280,"Active") -> 171
A5: Expired (needs review) | B5: =COUNTIF('IOC Tracker'!N5:N280,"Expired") -> 5
A6: Critical severity | B6: =COUNTIF('IOC Tracker'!G5:G280,"Critical") -> 0
A7: High confidence | B7: =COUNTIF('IOC Tracker'!F5:F280,"High") -> 151
A8: Blocked | B8: =COUNTIF('IOC Tracker'!K5:K280,"Blocked") -> 0
A11: Count by IOC Type
A12: IPv4/IPv6 address | B12: =COUNTIF('IOC Tracker'!C5:C280,A12) -> 36
A13: Domain | B13: =COUNTIF('IOC Tracker'!C5:C280,A13) -> 5
A14: URL | B14: =COUNTIF('IOC Tracker'!C5:C280,A14) -> 53
A15: File hash (MD5) | B15: =COUNTIF('IOC Tracker'!C5:C280,A15) -> 25
A16: File hash (SHA1) | B16: =COUNTIF('IOC Tracker'!C5:C280,A16) -> 25
A17: File hash (SHA256) | B17: =COUNTIF('IOC Tracker'!C5:C280,A17) -> 26
A18: Email address | B18: =COUNTIF('IOC Tracker'!C5:C280,A18) -> 0
A19: Email subject / attachment | B19: =COUNTIF('IOC Tracker'!C5:C280,A19) -> 0
A20: File name / path | B20: =COUNTIF('IOC Tracker'!C5:C280,A20) -> 6
A21: Registry key | B21: =COUNTIF('IOC Tracker'!C5:C280,A21) -> 0
A22: Mutex | B22: =COUNTIF('IOC Tracker'!C5:C280,A22) -> 0
A23: User-agent string | B23: =COUNTIF('IOC Tracker'!C5:C280,A23) -> 0
A24: JA3/JA4 fingerprint | B24: =COUNTIF('IOC Tracker'!C5:C280,A24) -> 0
A25: SSL certificate hash | B25: =COUNTIF('IOC Tracker'!C5:C280,A25) -> 0
A26: ASN | B26: =COUNTIF('IOC Tracker'!C5:C280,A26) -> 0
A27: Crypto wallet | B27: =COUNTIF('IOC Tracker'!C5:C280,A27) -> 0
A29: Types showing 0 (email, registry, mutex, user-agent, JA3/JA4, SSL cert, ASN, crypto wallet) are not published in these free bulk feeds. They come from malware sandbox reports, phishing analysis, CISA/CERT-In advisories and your own incidents.
A30: Feed data pulled 2026-10-13. IP and URL indicators go stale within days to weeks; re-pull before relying on them.

Sheet Lists
A1: IPv4/IPv6 address | B1: High | C1: Critical | D1: Blocked
A2: Domain | B2: Medium | C2: High | D2: Monitored
A3: URL | B3: Low | C3: Medium | D3: Investigating
A4: File hash (MD5) | C4: Low | D4: Ignored
A5: File hash (SHA1) | D5: Expired
A6: File hash (SHA256)
A7: Email address
A8: Email subject / attachment
A9: File name / path
A10: Registry key
A11: Mutex
A12: User-agent string
A13: JA3/JA4 fingerprint
A14: SSL certificate hash
A15: ASN
A16: Crypto wallet

Sheet IOC Types
A1: IOC Type | B1: Example (safe placeholder) | C1: Notes
A2: IPv4/IPv6 address | B2: 203.0.113[.]45 | C2: C2 servers, scanners, exfiltration endpoints
A3: Domain | B3: update-check[.]example[.]com | C3: Phishing, C2, malware delivery
A4: URL | B4: hxxp://198.51.100[.]7/payload.exe | C4: Specific malicious paths
A5: File hash (MD5) | B5: d41d8cd98f00b204e9800998ecf8427e | C5: Fast but weak - prefer SHA256
A6: File hash (SHA1) | B6: da39a3ee5e6b4b0d3255bfef95601890afd80709 | C6: Legacy matching
A7: File hash (SHA256) | B7: e3b0c44298fc1c149afbf4c8996fb92427ae41e4649b934ca495991b7852b855 | C7: Standard for malware identification
A8: Email address | B8: billing@invoice-secure[.]example | C8: Phishing senders
A9: Email subject / attachment | B9: Invoice_Overdue.zip | C9: Phishing campaigns
A10: File name / path | B10: C:\Users\Public\svchost32.exe | C10: Masquerading binaries
A11: Registry key | B11: HKCU\Software\Microsoft\Windows\CurrentVersion\Run\Updater | C11: Persistence
A12: Mutex | B12: Global\XyZ_mtx_01 | C12: Malware-specific markers
... A17: Crypto wallet | B17: Wallet address | C17: Ransomware payments
A19: All examples use reserved documentation ranges (RFC 5737 IPs, RFC 5398 ASNs, example.com) or empty-input hashes. They are safe placeholders, not real threats.

Sheet Sources
A1: Source | B1: Provides | C1: URL
A2: abuse.ch MalwareBazaar | B2: Malware file hashes | C2: https://bazaar.abuse.ch
A3: abuse.ch URLhaus | B3: Malicious URLs | C3: https://urlhaus.abuse.ch
A4: abuse.ch ThreatFox | B4: Mixed IOCs (IPs, domains, hashes) | C4: https://threatfox.abuse.ch
A5: abuse.ch Feodo Tracker | B5: Botnet C2 IPs | C5: https://feodotracker.abuse.ch
A6: AlienVault OTX | B6: Community IOC 'pulses' by campaign | C6: https://otx.alienvault.com
A7: CISA Advisories (US) | B7: IOCs attached to official alerts | C7: https://www.cisa.gov/news-events/cybersecurity-advisories
A8: CERT-In (India) | B8: Indian national CERT advisories | C8: https://www.cert-in.org.in
A9: MISP | B9: Threat-intel sharing platform and feeds | C9: https://www.misp-project.org
A10: VirusTotal | B10: Check hashes, domains, IPs | C10: https://www.virustotal.com
A11: Spamhaus DROP | B11: Malicious IP ranges | C11: https://www.spamhaus.org/blocklists/do-not-route-or-peer/
